日付,何の日リスト
1/1,元日|太陽暦施行の日|神戸港記念日|中華民国設立記念日|少年法施行の日|鉄腕アトムの日|日本初の点字新聞「あけぼの」創刊記念日|オールインワンゲルの日|スカルプDの発毛DAY|肉汁水餃子の日|資格チャレンジの日|釜飯の日
1/2,初荷|初夢の日|月ロケットの日|新年一般参賀|書き初め|初売り|箱根駅伝|Life2.0の日|夾竹桃忌
1/3,元始祭|ひとみの日|駆け落ちの日|戊辰戦争開戦の日|箱根駅伝|くるみパンの日|みたらしだんごの日|ビースリーの日
1/4,世界点字デー|石の日|みたらしだんごの日
1/5,小寒|新年宴会|魚河岸初競り|囲碁の日|いちごの日・いちご世代の日|つむぎの日|シンデレラの日|ホームセキュリティの日|遺言の日|みたらしだんごの日|長城清心丸の日
1/6,御用始め・仕事始め|取引所大発会|東京消防出初式|六日年越し|顕現日|色の日|ホーリー・スリー・キングス・デー|ケーキの日|佐久鯉誕生の日|まくらの日|カラーの日|イチロクの日
1/7,人日の節句・七日正月|七草の日|爪切りの日|千円札発行の日|消救車の日|ケンピの日|生パスタの日|Doleバナ活の日|夕霧忌
1/8,正月事納め|「平成」改元の日|勝負事の日|ロックの日|外国郵便の日|イヤホンの日|遺影撮影の日|大戸屋・定食の日|能登ヒバの日|信州地酒で乾杯の日|歯ブラシ交換デー|ホールケーキの日
1/9,とんちの日・クイズの日|風邪の日|ジャマイカ ブルーマウンテンコーヒーの日|一番くじの日|クレープの日|パソコン検定の日|えのすいクラゲの日|青々忌
1/10,110番の日|さんま寿司の日|十日戎|明太子の日|かんぴょうの日|糸引き納豆の日（糸の日）|インテリア検定の日|豊後高田市移住の日|ワンテンの日|イトウの日|インターンの日|インターンシップの日
1/11,鏡開き|蔵開き|樽酒の日|塩の日|マカロニサラダの日|UNO（ウノ）の日|アスパラガスビスケットの日|イラストレーションの日|シャー芯の日|ラッキー1番・ラッピー君の誕生日|はじめます宣言の日|髪について考える日
1/12,スキー記念日|桜島の日|いいにんじんの日|いいねの日（エールを送る日）|豆腐の日|育児の日|パンの日|わんにゃんの日
1/13,成人の日|ピース記念日|咸臨丸出航記念日|遺言の意味を考える日|伊達のあんぽ柿の日|一汁三菜の日|石井スポーツグループ 登山の日|お父さんの日|虚空蔵の縁日
1/14,左義長|タロとジロの日（愛と希望と勇気の日）|尖閣諸島開拓の日|褒め言葉カードの日|マンリーデー|婚活作戦会議の日|丸大燻製屋・ジューシーの日|クラシコ・医師の日
1/15,小正月|左義長|半襟の日|警視庁創設記念日|手洗いの日|フードドライブの日|ウィキペディアの日|アダルトの日|「適サシ肉」の日|くりこ庵・たい焼きの日|いちごの日
1/16,薮入り|閻魔参り・閻魔賽日|念仏の口開け|禁酒の日|囲炉裏の日|ヒーローの日|トロの日|十六茶の日|いい色髪の日|「森のたまご」の日
1/17,防災とボランティアの日|ひょうご安全の日|おむすびの日|湾岸戦争開戦の日|今月今夜の月の日|国産なす消費拡大の日|いなりの日|減塩の日
1/18,都バス開業の日|118番の日|初観音|振袖火事の日|カップスターの日|ひらく|いい鼻の日|いい部屋の日|愛するチンチラの日|いい菌バランスの日|防犯の日|オコパー・タコパーの日
1/19,のど自慢の日|家庭用消火器点検の日|いいくちの日|イチジク浣腸の日|はっぴいおかん・大阪いちじくの日|空気清浄機の日|ワンクの日|三十路の日|「信州・まつもと鍋」の日|クレープの日|シュークリームの日|熟カレーの日
1/20,大寒|二十日正月|玉の輿の日|血栓予防の日|トゥー・チェロズの日|海外団体旅行の日|アメリカ大統領就任式|インクルーシブを考える日|黒生メルティの日|シマエナガの日|甘酒の日|ぬか床の日
1/21,料理番組の日|初大師・初弘法|ライバルが手を結ぶ日|ユニベアシティの日|スイートピーの日|Spartyのパーソナライズ記念日|瞳の黄金比率の日|マリルージュの日|myDIYの日|ゼクシオの日（XXIOの日）|木挽BLUEの日|久女忌
1/22,カレーライスの日・カレーの日|ジャズの日|飛行船の日|夫婦の日|ショートケーキの日|禁煙の日|デルちゃん誕生の日|ラブラブサンドの日|カニカマの日|なないろSMSの日|黙阿弥忌
1/23,電子メールの日|ワン・ツー・スリーの日|八甲田山の日|真白き富士の嶺の日|アーモンドの日|碧南人参の日|六次産業の日|アート引越センターの日|八丈島から南大東島への上陸記念日|花粉対策の日|算額文化を広める日|一無
1/24,教育の国際デー|法律扶助の日|郵便制度施行記念日|ゴールドラッシュの日|ボーイスカウト創立記念日|結祝フィナンシェの日|エムセラ・尿失禁改善の日|ブルボン・プチの日|葦平忌|地蔵の縁日|愛宕の縁日|全国学校給食週間
1/25,日本最低気温の日|お詫びの日|中華まんの日・あったか旭川まんの日|左遷の日|石ノ森章太郎生誕記念日|菅公学生服の日|美容記念日|ホットケーキの日|一室入魂の日|とちぎのいちごの日|主婦休みの日|プリンの日
1/26,文化財防火デー|有料駐車場の日・パーキングメーターの日|帝銀事件の日|携帯アプリの日|コラーゲンの日|1ドア2ロックの日|腸内フローラの日|モンチッチの日|ファーストバスデー|風呂の日|プルーンの日|ツローの日
1/27,ホロコースト犠牲者を想起する国際デー|国旗制定記念日|求婚の日|ハワイ移民出発の日|船穂スイートピー記念日|仏壇の日|実朝忌|雨情忌|全国学校給食週間
1/28,宇宙からの警告の日|データ・プライバシーの日|衣類乾燥機の日|コピーライターの日|逸話の日|La PomPon「BUMP!!」の日|みしまバーニャの日|いい椿の日|初不動|初荒神|にわとりの日|全国学校給食週間
1/29,昭和基地開設記念日|タウン情報の日|人口調査記念日|I love kyudo福岡の日|肉の日|クレープの日|Piknikの日|ふくの日|草城忌|全国学校給食週間
1/30,3分間電話の日|タビナカの日|孝明天皇祭|おからのお菓子の日|節々の痛みゼロを目指す日|みその日|EPAの日|サワーの日|キャッシュレスの日|全国学校給食週間
1/31,晦日正月・晦日節|生命保険の日|愛妻の日・愛妻感謝の日|防災農地の日|五つ子誕生の日|愛菜の日|チューリップを贈る日|焼ビーフンの日|アロハの日|ファイナルファンタジーVIIの日|異彩の日|プレミアムフライデー
2/1,重ね正月・一夜正月|テレビ放送記念日|ニオイの日|京都市電開業記念日|ガーナチョコレートの日|琉球王国建国記念の日|LG21の日|仙台市天文台の日|メンマの日|2分の1成人式の日|プリキュアの日|神戸プリンの日
2/2,節分|世界湿地の日|夫婦の日|情報セキュリティの日|国際航空業務再開の日|交番設置記念日|バスガールの日|おんぶの日|おじいさんの日|2連ヨーグルトの日|麩の日|ストレッチパンツの日
2/3,立春|ジュディ・オングの日|大豆の日|絵手紙の日|神社本庁設立記念日|大岡越前の日|ササミ巻きガムの日|にじさんじの日|くるみパンの日|みたらしだんごの日|ビースリーの日|乳酸菌の日
2/4,世界対がんデー|西の日|ぷよの日|ビートルズの日|レディース・ユニフォームの日|妊娠の日|ビタミンCケアの日|Nissyの日|高齢者安全入浴の日|みたらしだんごの日
2/5,プロ野球の日|聖アガタの祝日|長崎二十六聖人殉教の日|日本語検定の日|笑顔の日|ふたごの日|エコチュウの日|煮たまごの日|ニゴラー集う「にごり酒」の日|みんなニッコリの日|近江日野商人の日|「プレコ」を愛でる日
2/6,世界女性器切除根絶の日|海苔の日|抹茶の日|ブログの日|C1000の日|お風呂の日|ディズニーツムツムの日|環境・エネルギーに取り組むブルーの日|ちゅる肌の日|プロフェッショナルの日|フロスを通して歯と口の健康を考える日|フンドーダイ・煮物の日
2/7,北方領土の日|長野の日・オリンピックメモリアルデー|フナの日|ふるさとの日（福井県）|ニキビに悩まないデー|国産ブナ材の日|ニゴロブナの日|生パスタの日|Doleバナ活の日
2/8,御事始め|針供養|郵便マークの日|つばきの日|ロカビリーの日|ニッパーの日|スパの日|艶の日|双葉・二葉の日|にわとりの日|和ちょこの日|坪庭の日
2/9,ふくの日|服の日|漫画の日・治虫忌|とらふぐ亭の日|大福の日|副業（複業）の日|木曽路「肉の日」|木曽路「ふぐの日」|輪島ふぐの日|北海道米「ふっくりんこ」の日|学習机の日|relay（リレイ）でつなぐ事業承継の日
2/10,世界マメの日|海の安全祈念日|左利きグッズの日|ニットの日|ふきのとうの日|ふとんの日|みやざき地頭鶏の日|観劇の日|簿記の日|ニートの日|キタノ記念日|豚丼の日
2/11,建国記念の日|科学における女性と女児の国際デー|万歳三唱の日|文化勲章制定記念日|干支供養の日|仁丹の日|わんこそば記念日|初午いなりの日|出雲そばの日|ロールちゃんの日|めんの日|ダブルソフトの日
2/12,ダーウィンの日|ブラジャーの日|ペニシリンの日|ボンカレーの日・レトルトカレーの日|ボブスレーの日|黄ニラ記念日|乳酸菌のくすりの日|オートファジーの日|豆腐の日|育児の日|パンの日|わんにゃんの日
2/13,世界ラジオデー|苗字制定記念日|地方公務員法施行記念日|NISAの日|土佐文旦の日|豊後高田市恋叶ロードの日|日本遺産の日|ニイミの日|伊達のあんぽ柿の日|一汁三菜の日|石井スポーツグループ 登山の日|お父さんの日
2/14,バレンタインデー|チョコレートの日|ネクタイの日|煮干の日|ふんどしの日|ロディの日|予防接種記念日|自動車保険の日|イケメンの日|恋の神様の日|ザ・ローリング・ストーンズの日|セカンドオピニオンを考える日
2/15,春一番名付けの日|全日本スキー連盟設立の日|ツクールの日|次に行こうの日|涅槃会|いちごの日|オコパー・タコパーの日|同窓会の日|西行忌|兼好忌|利玄忌|孟宗忌
2/16,天気図記念日|寒天の日|全国狩猟禁止の日|似合う色の日|トロの日|十六茶の日|いい色髪の日
2/17,天使の囁き記念日|中部国際空港開港記念日|千切り大根（切り干し大根）の日|電子書籍の日|ガチャの日|国産なす消費拡大の日|いなりの日|減塩の日|安吾忌
2/18,雨水|嫌煙運動の日|エアメールの日|冥王星の日|方言の日（鹿児島県大島地区）|プライヤの日|安眠の日|防犯の日|かの子忌
2/19,強制収容を忘れない日|万国郵便連合加盟記念日|プロレスの日|天地の日|チョコミントの日|フェムテックを学ぶ日|「信州・まつもと鍋」の日|クレープの日|シュークリームの日|熟カレーの日|松阪牛の日|共育の日
2/20,世界社会正義の日|アレルギーの日|旅券の日|県政発足記念日（愛媛県）|歌舞伎の日|普通選挙の日|尿もれ克服の日|夫婦円満の日|リフレの日|キヌアの日|アイラブミー記念日|交通事故死ゼロを目指す日
2/21,国際母語デー|東京初の日刊新聞創刊日|食糧管理法公布記念日|漱石の日|マリルージュの日|myDIYの日|ゼクシオの日（XXIOの日）|木挽BLUEの日
2/22,猫の日|世界友情の日|竹島の日|食器洗い乾燥機の日|行政書士記念日|ヘッドホンの日|おでんの日|頭痛にバファリンの日|駅すぱあとの日|ひざイキイキの日|ディズニー マリーの日|猫背改善の日
2/23,天皇誕生日|税理士記念日|富士山の日|ふろしきの日|ロータリー設立記念日|妊婦さんの日|富士見の日|工場夜景の日|咸宜園の日|夫婦で妊活の日|ハローベビー・デー|チーズ鱈の日
2/24,月光仮面登場の日|鉄道ストの日|クロスカントリーの日|二部式帯の日|銘店伝説誕生の日|ブルボン・プチの日|等伯忌|丈草忌|不器男忌|南国忌|地蔵の縁日|愛宕の縁日
2/25,夕刊紙の日|深良用水完成の日|225の日|ヱビスの日|親に感謝の気持ちを伝える日|ひざ関節の日|ヌヌコ記念日|とちぎのいちごの日|プリンの日|道真忌|茂吉忌|天神の縁日
2/26,二・二六事件の日|血液銀行開業記念日|脱出の日|フロリダグレープフルーツの日|包む（ラッピング）の日|ご飯がススムキムチの日|シティーハンターの日|風呂の日|プルーンの日|ツローの日|朱鳥忌|周遊忌
2/27,国際ホッキョクグマの日|冬の恋人の日|女性雑誌の日|Pokémon Day|仏壇の日
2/28,世界希少・難治性疾患の日|ビスケットの日|織部の日|エッセイ記念日|バカヤローの日|ニューパルサーの日|プレミアムフライデー|みその日|にわとりの日|利休忌|逍遥忌
2/29,うるう日|富士急の日|円満離婚の日|ニンニクの日|肉の日|クレープの日|Piknikの日|ふくの日
3/1,エイズ差別ゼロの日|防災の日・防災用品点検の日|ビキニ・デー|マーチの日・行進曲の日|労働組合法施行記念日|豚の日|デコポンの日|未唯mieの日|切抜の日|未来郵便の日|ファミリーファーストの日|再石灰化の日
3/2,ミニの日|ミニぶたの日|後楽園開園記念日|中国残留孤児の日|遠山の金さんの日|出会いの日|サニの日|ミニーマウスの日|少額短期保険（ミニ保険）の日|ご当地レトルトカレーの日|ミニストップの日|スーツを仕立てる日
3/3,雛祭り・上巳・桃の節句|世界野生生物の日|耳の日|三の日|平和の日|桃の日|結納の日|金魚の日|ジグソーパズルの日|三十三観音の日|ポリンキーの日|女のゼネストの日
3/4,ミシンの日|サッシの日|三線の日（さんしんの日）|円の日|雑誌の日|酸蝕歯の日|バウムクーヘンの日|サンヨーの日|三姉妹の日|オーミケンシ・レーヨンの日|差し入れの日|スカーフの日
3/5,啓蟄|サンゴの日|ミスコンの日|スチュワーデスの日|三幸の日|安藤百福の日|産後ケアの日|常陸牛の日|産後ママスマイルデー|スリランカカレーの日|Sangoportの日|みたらしだんごの日
3/6,世界一周記念日|スポーツ新聞の日|弟の日|スリムの日|サロネーゼの日|リニモの日|エステティックサロンの日|日比谷サローの日|ダレデモダンスの日|ミロの日|mil-kinの日|THIS IS USの日
3/7,消防記念日|東京消防庁開庁記念日|警察制度改正記念日|サウナの日（サウナ健康の日）|メンチカツの日|十歳の祝いの日|花粉症記念日|すたみな太郎の日|さかなの日|家計の見直しの日|みんなの銀行の日|ななつのしあわせミックスナッツの日
3/8,国際女性デー|みつばちの日|ギョーザの日|エスカレーターの日|みやげの日|サバの日|ビールサーバーの日|赤ちゃん＆こども「カット」の日|さやえんどうの日|鯖すしの日|雅の日|三板（サンバ）の日
3/9,記念切手記念日|関門国道トンネル開通記念日|酢酸の日|バービー人形の誕生日|佐久の日・ケーキ記念日|雑穀の日|緑の供養日|感謝の日|3．9デイ（ありがとうを届ける日）|ざっくぅの日|子宮体がんの日|ネットワークの日
3/10,東京都平和の日|農山漁村女性の日|チベット民族蜂起記念日|東海道・山陽新幹線全通記念日|陸軍記念日|砂糖の日|佐渡の日|横浜三塔の日|水戸の日|サボテンの日|ミントの日|ミルトンの日
3/11,いのちの日|おうえんの日|防災意識を育てる日|おくる防災の日|パンダ発見の日|コラムの日|ロールちゃんの日|めんの日|ダブルソフトの日|おかあちゃん同盟の日|世界おかあちゃん同盟の日|宋淵忌
3/12,世界反サイバー検閲デー|サンデーホリデーの日・半ドンの日|モスの日|スイーツの日|咲顔（えがお）の日|サイズの日|サイフの日|だがしの日|unisizeの日|マルサン豆乳の日|豆腐の日|育児の日
3/13,新選組の日|青函トンネル開業記念日|漁業法記念日|サンドイッチデー|崔さんの日|ペヤングソースやきそばの日|里見の日|一汁三菜の日|石井スポーツグループ 登山の日|お父さんの日|花幻忌|虚空蔵の縁日
3/14,ホワイトデー|円周率の日|数学の日|パイの日|国民融和日|美白デー|国際結婚の日|さーたーあんだぎーの日|切腹最中の日|ホームインスペクションの日|花贈り男子の日|ピカジョの日
3/15,靴の日・靴の記念日|世界消費者権利デー|万国博デー|オリーブの日|「会いに|走れ。」記念日|サイコの日|眉の日|ドメインの日|最硬の盾の記念日|温泉むすめの日|SideMサイコーの日
3/16,国立公園指定記念日|十六団子の日|財務の日|ミドルの日|おかでんチャギントンの日|赤いサイロの日|ステンレス316Lジュエリーの日|折りたたみ傘の日|ミールオンデマンドの給食サービスの日|トロの日|十六茶の日|いい色髪の日
3/17,漫画週刊誌の日|彼岸|聖パトリックの祝日|みんなで考えるSDGsの日|ミユキ野球教室の日|Dr.MICHAELと始めるスローエイジングの日|家族と終活を話し合う日|国産なす消費拡大の日|いなりの日|減塩の日|薔薇忌|月斗忌
3/18,精霊の日|彼岸|明治村開村記念日|点字ブロックの日|春の睡眠の日|高校生パーラメンタリーディベートの日|防犯の日|人麻呂忌|小町忌
3/19,ミュージックの日|彼岸|カメラ発明記念日|立庁記念日（神奈川県）|ミックの日|ウィッグ（Wig）の日|眠育の日|銀座コージーコーナー・ミルクレープの日|クレープの日|シュークリームの日|熟カレーの日|松阪牛の日
3/20,春分|春分の日|国際幸福デー|彼岸|社日|電卓の日|上野動物園開園記念日|LPレコードの日|サブレの日|日やけ止めの日|未病の日|さつま揚げ（つけあげ）の日
3/21,国際人種差別撤廃デー|世界詩歌記念日|世界ダウン症の日|国際ノウルーズ・デー|国際森林デー|彼岸|ランドセルの日|催眠術の日|カラー映画の日|ツイッター誕生日|日本手ぬぐいの日|プリの日
3/22,世界水の日|彼岸|放送記念日|感動接客の日|さくらねこの日|面発光レーザーの日|工場扇の日|焼肉開きの日|夫婦の日|ショートケーキの日|禁煙の日|デルちゃん誕生の日
3/23,世界気象デー|彼岸|ホットサンドを楽しむ日|スジャータの日|裏旬ぶどうの日|国産小ねぎ消費拡大の日|天ぷらの日|乳酸菌の日|不眠の日
3/24,世界結核デー|著しい人権侵害に関する真実に対する権利と犠牲者の尊厳のための国際人権デー|ホスピタリティ・デー|マネキン記念日|壇ノ浦の戦いの日|連子鯛の日|人力車発祥の日（日本橋人力車の日）|恩師の日（「仰げば尊し」の日）|未来を強くする日|ブルボン・プチの日|檸檬忌|マキノ忌
3/25,拘留中または行方不明のスタッフと連帯する国際デー|奴隷及び大西洋間奴隷貿易犠牲者追悼国際デー|電気記念日|散歩にゴーの日|ドラマチック・デー|サガミのみそ煮込の日|ご自愛の日|みんなでニッコリみんなで健康長寿の日|EGSスリースマイルの日|笑顔表情筋の日|みつこの日|ぷろぽりす幸子の日
3/26,カチューシャの唄の日|サク山チョコ次郎の日|食品サンプルの日|風呂の日|プルーンの日|ツローの日|楽聖忌|鉄幹忌|犀星忌|誓子忌
3/27,世界演劇の日|さくらの日|祈りの日|オンライン花見の日|京鼎樓の小籠包の日|仏壇の日|赤彦忌
3/28,シルクロードの日|スリーマイル島の日|三つ葉の日|三ツ矢の日・三ツ矢サイダーの日|グリーンツーリズムの日|八幡浜ちゃんぽん記念日|酵水素328選の日|ナッツのミツヤの日|刀剣乱舞・審神者の日|プレミアムフライデー|にわとりの日|宗因忌
3/29,マリモの日|八百屋お七の日|作業服の日|サニクリーンの日|みんつくの日|ヴァイスシュヴァルツの日|「ラヴィット！」の日|肉の日|クレープの日|Piknikの日|ふくの日|風信子忌
3/30,#NAME?
3/31,オーケストラの日|教育基本法・学校教育法公布記念日|エッフェル塔落成記念日|サザンイエローパインの日|山菜の日|体内時計の日|経理の日|サミーの日|カワマニの日|サンミーの日|アラ！の日|菜の日
4/1,年度初日|エイプリルフール|トレーニングの日|オンライントレードの日|児童福祉法施行記念日|売春防止法施行記念日|携帯ストラップの日|第2の成人式|WHOPPERの日|ビックリマンの日|はがねの日|サントリー赤玉の日
4/2,世界自閉症啓発デー|国際子どもの本の日|図書館開設記念日|週刊誌の日|歯列矯正の日|CO2削減の日|五百円札発行記念日|木曽路「しゃぶしゃぶの日」|リーブ21・シャンプーの日|巻き爪ケアの日|エクエルの日|April Trueの日
4/3,日本橋開通記念日|清水寺・みずの日|シーサーの日|愛林日|神武天皇祭|いんげん豆の日|趣味の日|葉酸の日|シミ対策の日|フォーサイトの日|読み聞かせの日|ケシミンの日
4/4,清明|地雷に関する啓発および地雷除去支援のための国際デー|交通反戦デー|あんぱんの日|ピアノ調律の日|ヨーヨーの日|トランスジェンダーの日|オカマの日|沖縄県誕生の日|獅子の日|写真シールの日|どらやきの日
4/5,小笠原返還記念日|ヘアカットの日|横町の日・横丁の日|デビューの日|新子焼きの日|オープンカーの日|よごそうデー|横引シャッターの日|花冠記念日|みたらしだんごの日|長城清心丸の日|達治忌
4/6,開発と平和のためのスポーツの国際デー|城の日|新聞をヨム日|北極の日|コンビーフの日|白の日|自然療法の日|シールの日|春巻きの日|アバの日|天塩 塩むすびの日|事務の日
4/7,世界保健デー|1994年のルワンダにおけるジェノサイドを考える国際デー|鉄腕アトム誕生日|農林水産省創立記念日|タイヤゲージの日|労務管理の日|鳳凰くんの誕生日|ヨナナスの日|プリン体と戦う記念日|夜泣き改善の日|歯垢なしの日|セルフケアの日
4/8,灌仏会・花祭り|参考書の日|タイヤの日|ヴィーナスの日|忠犬ハチ公の日|世界ロマの日|指圧の日|出発の日|シンハービールの日|シワ対策の日|炭酸水の日|ロータスデー
4/9,大仏の日・大仏開眼の日|反核燃の日|美術展の日|食と野菜ソムリエの日|子宮頸がんを予防する日|よいＰマンの日|フォークソングの日|鍼灸の日|左官の日|丸亀市×サン・セバスティアン市「チャコリの日」|予祝の日|クレープの日
4/10,女性の日（婦人の日・婦人参政記念日）|建具の日|インテリアを考える日|駅弁の日|瀬戸大橋開通記念日|四万十の日|ヨットの日|教科書の日|ステンレスボトルの日|仕入れの日|ヨード卵の日|辛ラーメンの日
4/11,メートル法公布記念日|中央線開業記念日|ガッツポーズの日|しっかりいい朝食の日|ロールちゃんの日|めんの日|ダブルソフトの日|おかあちゃん同盟の日|春の全国交通安全運動|高級食パン文化月間
4/12,世界宇宙飛行の日|パンの記念日|東京大学創立記念日|子どもを紫外線から守る日|徳島県にんじんの日|国分寺ペンシルロケット記念日|補綴（ほてつ）の日|シャイニーカラーズの日|タイルの日|豊橋「つまもの」の日|豆腐の日|育児の日
4/13,水産デー|喫茶店の日|決闘の日|恵美子の日|浄水器の日|新型インフルエンザ対策の日|ブルダック炒め麺の日|花キューピットの日|一汁三菜の日|石井スポーツグループ 登山の日|お父さんの日|啄木忌
4/14,オレンジデー|パートナーデー|フレンドリーデー|柔道整復の日|タイタニック号の日|良い年の日|椅子の日|ロスゼロの日|ブラックチョコレートの日|家具の町東川町・椅子の日|ピロリ菌検査の日|丸大燻製屋・ジューシーの日
4/15,世界医学検査デー|ヘリコプターの日|象供養の日|遺言の日|ジャッキー・ロビンソンの日|東京ディズニーランド開園記念日|京和装小物の日|よい酵母の日|良いコラーゲンの日|からあげクン誕生日|日本巡礼文化の日|いちご大福の日
4/16,チャップリンデー|女子マラソンの日|ボーイズビーアンビシャスデー|ヴィラデスト・田園記念日|エスプレッソの日|Foursquareの日|えのすいの日|SWEET SIXTEEN文化の日|トロの日|十六茶の日|いい色髪の日|康成忌
4/17,世界血友病デー|恐竜の日|職安記念日・ハローワークの日|なすび記念日|飯田・下伊那の日（五平もち記念日）|クイーン（Queen）の日|まいどなの日|国産なす消費拡大の日|いなりの日|減塩の日|「森のたまご」の日|高級食パン文化月間
4/18,世界アマチュア無線の日|発明の日|よい歯の日|三重県民の日|岡山県創立の日|お香の日|ウッドデッキの日|ガーベラ記念日|よいお肌の日|毛穴の日|夏美容はじめの日|準婚カップルの絆を確認し合う日
4/19,地図の日（最初の一歩の日）|乗馬許可記念日|養育費の日|飼育の日|良いきゅうりの日|みんなの保育の日|収育の日|養育費を知る日|クレープの日|シュークリームの日|熟カレーの日|松阪牛の日
4/20,穀雨|郵政記念日（逓信記念日）|青年海外協力隊の日|女子大の日|「聴く」の日|腰痛ゼロの日|ジャムの日|肌には知る権利がある記念日|珈琲牛乳の日|四川料理の日|リラクゼーションドリンク「CHILL OUT」の日|泉州阪南さわらの日
4/21,創造性とイノベーションの世界デー|民放の日（民間放送発足記念日）|川根茶の日|錦通り・ニッキーの日|オーベルジュの日|「小岩井 生乳100％ヨーグルト」の日|愛国者の日|マリルージュの日|myDIYの日|ゼクシオの日（XXIOの日）|木挽BLUEの日|高級食パン文化月間
4/22,アースデー・国際母なる地球デー|よい夫婦の日|清掃デー|カーペンターズの日|ダイヤモンド原石の日|ミス日本の日|バーバパパの日|道の駅の日|肩コリを労わる日|成吉思汗たれの日|大人の日|夫婦の日
4/23,世界図書・著作権デー|サン・ジョルディの日|子ども読書の日|地ビールの日・ビールの日|慶應義塾大学開校記念日|消防車の日|シジミの日|ぐんま花の日|明治おいしい牛乳の日|国産小ねぎ消費拡大の日|天ぷらの日|乳酸菌の日
4/24,植物学の日・マキノの日|日本ダービー記念日|しぶしの日|ブルボン・プチの日|地蔵の縁日|愛宕の縁日|高級食パン文化月間
4/25,世界マラリア・デー|世界ペンギンの日|国連記念日|歩道橋の日|拾得物の日|市町村制公布記念日|DNAの日|ギロチンの日|ファーストペイデー・初任給の日|小児がんゴールドリボンの日|しあわせニッコリ食で健康長寿の日|失語症の日
4/26,世界知的所有権の日|リメンバー・チェルノブイリ・デー|国際マルコーニ・デー|海上自衛隊の日|よい風呂の日|七人の侍の日|オンライン麻雀の日|テルマエ・ロマエ よい風呂の日|Dな日|わらびもちの日|エイリアンの日|風呂の日
4/27,哲学の日|駅伝誕生の日|婦人警官記念日（婦人警官の日）|国会図書館開館記念日|悪妻の日|世界生命の日|絆の日|ロープデー|駒ヶ根ソースかつ丼の日|つなぐ日|スタジオキャラットの日|タッパーの日
4/28,労働安全衛生世界デー|主権回復の日・サンフランシスコ平和条約発効記念日|シニアーズデイ・シニアの日|象の日|ドイツワインの日|缶ジュース発売記念日|庭の日|アクアフィットネスの日|渋谷ギャルの日|海外ドラマの日|セアダスの日|インターホンの日
4/29,昭和の日|国際ダンスデー|畳の日|羊肉の日|歯肉炎予防デー|歯肉ケアの日|豊後高田昭和の町の日|タオルの日|フォニックスの日|ナポリタンの日|近江赤ハヤシの日|四国・幸福の日
4/30,国際ジャズデー|国際盲導犬の日|図書館記念日|ヴァルプルギスの夜|学力鑑定士の日|しみゼロの日|王子マリンロード430の日|HAKUの日|派手髪の日|モンストの日|みその日|EPAの日
5/1,八十八夜|「令和」改元の日|メーデー|日本赤十字社創立記念日|扇の日|スズランの日|水俣病啓発の日|語彙の日|カリフォルニア・レーズンデー|宅配ボックスの日|恋がはじまる日|鯉の日
5/2,世界まぐろデー|郵便貯金の日（郵便貯金創業記念日）|交通広告の日|歯科医師記念日|えんぴつ記念日|婚活の日|カルシウムの日|コツコツが勝つコツの日|ごっつの日|コージーコーナーの日|紙コップの日|国府津（こうづ）の日
5/3,憲法記念日|世界報道自由デー|ごみの日|リカちゃんの誕生日|スケートパトロールの日|ゴミ片付けの日|そうじの日|五三焼カステラの日|F&E酵素の日|くるみパンの日|みたらしだんごの日|ビースリーの日
5/4,みどりの日|国際消防士の日|世界笑いの日|エメラルドの日|競艇の日|ファミリーの日|植物園の日|ラムネの日|ノストラダムスの日|名刺の日|うすいえんどうの日|しらすの日
5/5,立夏|こどもの日|端午の節句|児童憲章制定記念日|おもちゃの日|子どもに本を贈る日|薬の日|わかめの日|自転車の日|手話の日（手話記念日）|レゴの日|国際助産師の日
5/6,国際ノーダイエットデー|ゴムの日|コロッケの日|さくらパンダの日|コロコロの日|宮古港海戦の日|ふりかけの日|アクティブシニアの日|コロネの日|鎌倉五郎の日|手巻きロールケーキの日|メロンの日
5/7,世界エイズ孤児デー|コナモンの日・粉の日|博士の日|ココナッツの日|ブラックモンブランの日|木原昇・トランペットソロの日|生パスタの日|Doleバナ活の日|健吉忌|高級食パン文化月間
5/8,世界赤十字デー（赤十字平和デー）|ヨーロッパ戦勝記念日（VEデー）|ゴーヤーの日|松の日|万引き防止の日|童画の日|スートブロワ記念日|ごはんパンの日|声の日|小鉢の日|紙飛行機の日|こはくの日
5/9,アイスクリームの日|黒板の日|メイクの日|呼吸の日|県民ふるさとの日（富山県）|ゴクゴクの日|チャリティーメイクの日|コクの日|告白の日|極上の日|ドール・極撰の日|香薫の日
5/10,世界渡り鳥デー|日本気象協会創立記念日|コットンの日|地質の日|街区表示板の日|リプトンの日|メイトーの日|コンクリート住宅の日|ファイトの日|ダンテの日|五島の日|ミリオンゴッドの日
5/11,母の日|袋物の日|長良川鵜飼い開きの日|ご当地キャラの日|エベレスト日本人初登頂記念日|ご当地スーパーの日|Nagase Viitaの日|ロールちゃんの日|めんの日|ダブルソフトの日|おかあちゃん同盟の日|朔太郎忌
5/12,国際看護師の日|ナイチンゲール・デー|看護の日|海上保安の日|民生委員・児童委員の日|アセロラの日（アセローラの日）|ザリガニの日|LKM512の日|箕輪町安全安心の日|永平寺胡麻豆腐の日|こてっちゃんの日|KOIVE（コイヴ）の日
5/13,愛犬の日|メイストーム・デー|カクテルの日|竹酔日・竹植うる日|トップガンの日|一汁三菜の日|石井スポーツグループ 登山の日|お父さんの日|花袋忌|虚空蔵の縁日|愛鳥週間（バードウィーク）
5/14,種痘記念日|温度計の日|ゴールドデー|けん玉の日|ごいしの日|マーマレードの日|斎藤茂吉記念日|丸大燻製屋・ジューシーの日|クラシコ・医師の日|愛鳥週間（バードウィーク）
5/15,国際家族デー|沖縄本土復帰記念日|ヨーグルトの日|青春七五三|ストッキングの日|マイコファジストの日|水分補給の日|Jリーグの日|弁護士費用保険の日|サブイボマスク・シャッターを開ける日|WATALISの日|アクティオ・建設機械レンタルの日
5/16,平和に共存する国際デー|国際光デー|旅の日|性交禁忌の日|オリーゼの日|抗疲労の日|HAE DAY|工事写真の日|トロの日|十六茶の日|いい色髪の日|透谷忌
5/17,世界情報社会・電気通信日|世界高血圧デー・高血圧の日|生命・きずなの日|パック旅行の日|お茶漬けの日|多様な性にYESの日|大谷翔平の日|国産なす消費拡大の日|いなりの日|減塩の日|オコパー・タコパーの日|同窓会の日
5/18,国際親善デー|国際博物館の日|ことばの日|ファイバーの日|18リットル缶の日|ネット生保の日|こりを癒そう「サロンパス」の日|MIBの日|消費者ホットライン188の日|不動産電子契約の日|「子どもたちに言葉のシャワーを」の日|防犯対策の日
5/19,ボクシングの日|小諸・山頭火の日|IBDを理解する日|香育の日|ごとぐるの日|クレープの日|シュークリームの日|熟カレーの日|松阪牛の日|共育の日|いいきゅうりの日|イクラの日
5/20,世界ミツバチの日|世界計量記念日|ローマ字の日|東京港開港記念日|成田空港開港記念日|森林の日|電気自動車の日|水なすの日|こんにゃく麺の日|ガチ勢の日|「信濃の国」県歌制定の日|子連れの日
5/21,小満|対話と発展のための世界文化多様性デー|小学校開校の日|リンドバーグ翼の日|探偵の日|ニキビの日|JUN SKY WALKER(S)の日|月化粧の日|マリルージュの日|myDIYの日|ゼクシオの日（XXIOの日）|木挽BLUEの日
5/22,国際生物多様性の日|ガールスカウトの日|サイクリングの日|たまご料理の日|ほじょ犬の日|うなぎの未来を考える日|抹茶新茶の日|M22 IPLの日|夫婦の日|ショートケーキの日|禁煙の日|デルちゃん誕生の日
5/23,産科瘻孔をなくすための国際デー|世界亀の日|ラブレターの日|キスの日|チョコチップクッキーの日|リボンナポリンの日|難病の日|骨密度ケアの日|国産小ねぎ消費拡大の日|天ぷらの日|乳酸菌の日|不眠の日
5/24,ゴルフ場記念日|伊達巻の日|コモンウェルス・デー|長湯温泉「源泉のかけ流し」記念の日|コニシ記念日|スクーバダイビングの日|菌活の日|ブルボン・プチの日|らいてう忌|地蔵の縁日|愛宕の縁日
5/25,アフリカ・デー|食堂車の日|広辞苑記念日|有無の日|別所線の日|みやざきマンゴーの日|愛車の日|ターミネーターの日|とんがりコーンの日|ホゴネコの日|納本制度の日|子どもニコニコ笑顔育の日
5/26,東名高速道路全通記念日|ラッキーゾーンの日|ル・マンの日|県民防災の日（秋田県）|源泉かけ流し温泉の日|風呂カビ予防の日|メープルもみじの日|竹内洋岳・8000m峰14座登頂の日|空き家の将来を考える日|風呂の日|プルーンの日|ツローの日
5/27,海軍記念日・日本海海戦の日|百人一首の日|小松菜の日|背骨の日|ドラゴンクエストの日|仏壇の日
5/28,国際アムネスティ記念日|ゴルフ記念日|花火の日|3000本記念日|アルソア美肌ラインの日|骨盤の日|自助の日|生理をジェンダーレスで考える日|電柱広告の日|コインランドリーの日|にわとりの日|辰雄忌
5/29,国連平和維持要員の国際デー|呉服の日|こんにゃくの日|エベレスト登頂記念日|幸福の日|エスニックの日|シリアルの日|胡麻祥酎の日|「金色の風」の日|肉の日|クレープの日|Piknikの日
5/30,ごみゼロの日・お掃除の日・掃除機の日|消費者の日|文化財保護法公布記念日|女子将棋の日|オーガナイズの日|古民家の日|アーモンドミルクの日|プレミアムフライデー|みその日|EPAの日|サワーの日|キャッシュレスの日
5/31,世界禁煙デー|古材の日|車窓サイネージの日|菜の日|青峰忌
6/1,国際親の日|国際こどもの日|世界牛乳の日・牛乳の日|防災の日・防災用品点検の日|衣替えの日|気象記念日|電波の日|写真の日|人権擁護委員の日|麦茶の日|梅肉エキスの日|氷の日
6/2,横浜港開港記念日・長崎港開港記念日|横浜カレー記念日|裏切りの日|路地の日|甘露煮の日|イタリアワインの日|おむつの日|むずむず脚症候群の日|オムレツの日|ローズの日|ロープの日|無痛分娩を考える日
6/3,世界自転車デー|測量の日|雲仙普賢岳祈りの日・いのりの日|ケロミンの日|6月3日はMousaの日|ポンコツの日|Romiの日|なんもしない日|もろみみその日|くるみパンの日|みたらしだんごの日|ビースリーの日
6/4,侵略による罪のない幼児犠牲者の国際デー|虫の日・ムシの日|ローメンの日|蒸しパンの日|蒸し料理の日|土地改良制度記念日|DENTALANDの日|蒸し豆の日|ショートフィルムの日|杖立温泉・蒸し湯の日|水虫治療の日|ムシキングの日
6/5,芒種|世界環境デー・環境の日|違法・無報告・無規制に行われる漁業との闘いのための国際デー|ろうごの日|ロゴマークの日|ロコモ予防の日|Pepper誕生日|落語の日・寄席の日|アペリティフの日|みたらしだんごの日|長城清心丸の日|歯と口の健康週間
6/6,楽器の日・邦楽の日・いけばなの日|飲み水の日|兄の日|かえるの日|ほんわかの日（家族だんらんの日）|梅の日|ロールケーキの日|ワイパーの日|補聴器の日|ヨーヨーの日|ローカロリーな食生活の日|Dデー
6/7,母親大会記念日|緑内障を考える日|むち打ち治療の日|ムダ毛なしの日|生パスタの日|Doleバナ活の日|寸心忌|歯と口の健康週間
6/8,世界海洋デー|学校の安全確保・安全管理の日|大鳴門橋開通記念日|成層圏発見の日|ヴァイキングの日|ローションパックの日|ロボット掃除機「ルンバ」の日|ガパオの日|ロハスの日|「ステハジ」の日|旧友の日|信州地酒で乾杯の日
6/9,ロックの日|ロックウールの日|ドナルドダックの誕生日|無垢の日|たまごの日|まがたまの日|ログホームの日|ザ・ロックアップの日|サイバー防災の日|つボイノリオ記念日|ロックアイスの日|ゼネラル・オイスターの岩牡蠣の日
6/10,時の記念日|商工会の日|路面電車の日|ミルクキャラメルの日|歩行者天国の日|無糖茶飲料の日|緑豆の日|無添加の日|夢の日|谷津干潟の日|てっぱん団らんの日|Doleスムージーの日
6/11,入梅|傘の日|雨漏り点検の日|国立銀行設立の日|布おむつの日|梅酒の日|水事無しの日|ロールちゃんの日|めんの日|ダブルソフトの日|おかあちゃん同盟の日
6/12,児童労働反対世界デー|恋人の日|みやぎ県民防災の日|エスペラントの日|アンネの日記の日|バザー記念日|晩餐館焼肉のたれの日|恋と革命のインドカリーの日|書家・金澤翔子さん誕生日|ロースイーツの日|最強王図鑑の日|豆腐の日
6/13,国際アルビニズム啓発デー|小さな親切運動スタートの日|鉄人の日|はやぶさの日|いいみょうがの日|一汁三菜の日|石井スポーツグループ 登山の日|お父さんの日|虚空蔵の縁日
6/14,世界献血者デー|球音を楽しむ日|映倫発足の日|手羽先記念日|五輪旗制定記念日|星条旗制定記念日（フラッグ・デー）|開発支援ツールの日|モリシの日|認知症予防の日|へきなん赤しその日|VSOP運動の日|丸大燻製屋・ジューシーの日
6/15,父の日|世界高齢者虐待啓発デー|信用金庫の日|米百俵デー|千葉県民の日|栃木県民の日|オウムとインコの日|生姜の日|暑中見舞いの日|ポスチュアウォーキングの日|バケーションレンタルの日|PDFの日
6/16,家族送金の国際デー|アフリカの子どもの日|和菓子の日（嘉祥の日）|ケーブルテレビの日|麦とろの日|無重力の日|ブルームズ・デー|「堂島ロール」の日|バイクエクササイズの日|スペースインベーダーの日|手羽トロの日|カビ取るデー
6/17,砂漠化および干ばつと闘う国際デー|オトのハコブネの日|薩摩の日|国産なす消費拡大の日|いなりの日|減塩の日|波津女忌
6/18,持続可能な食文化の日|国際寿司の日|海外移住の日|考古学出発の日|おにぎりの日|水事無しの日|防犯の日
6/19,紛争における性的暴力根絶のための国際デー|朗読の日|京都府開庁記念日|ベースボール記念日|元号の日|ロマンスの日|魚がし日本一・立喰い寿司の日|プログラミング教育の日|クレープの日|シュークリームの日|熟カレーの日|松阪牛の日
6/20,世界難民の日|ペパーミントの日|健康住宅の日|るるぶの日|犬を職場に連れて行く日|ワインの日|発芽野菜の日|シチューライスの日|信州ワインブレッドの日|キャッシュレスの日
6/21,夏至|国際ヨガの日|スナックの日|がん支えあいの日|フルーツカービングの日・ソープカービングの日|えびフライの日|AGEについて考える日|太陽の子保育の日|スパークリング日本酒の日|世界一周の日|冷蔵庫の日|キャンドルナイトの日
6/22,かにの日|ボウリングの日|らい予防法による被害者の名誉回復及び追悼の日|日韓条約調印記念日|DHAの日|グラスタワーの日|ハピカジの日|夫婦の日|ショートケーキの日|禁煙の日|デルちゃん誕生の日|ラブラブサンドの日
6/23,国連パブリック・サービス・デー|国際寡婦の日|沖縄慰霊の日|オリンピックデー|ドラベ症候群の日|国産小ねぎ消費拡大の日|天ぷらの日|乳酸菌の日|不眠の日|独歩忌
6/24,UFOの日・空飛ぶ円盤記念日|ドレミの日|プチクマの日|UFOキャッチャーの日|ムロツヨシの日|ブルボン・プチの日|林檎忌・麦の日|五月雨忌|地蔵の縁日|愛宕の縁日
6/25,船員デー|住宅デー|指定自動車教習所の日|天覧試合の日|加須市うどんの日|詰め替えの日|生酒の日|ノーコード開発の日|水事無しの日|プリンの日|天神の縁日
6/26,国際薬物乱用・不正取引防止デー|拷問の犠牲者を支援する国際デー|国連憲章調印記念日|露天風呂の日|雷記念日|オリエンテーリングの日|スティッチの日|世界格闘技の日|風呂の日|プルーンの日|ツローの日
6/27,零細・中小企業デー|演説の日|メディア・リテラシーの日|ちらし寿司の日|日照権の日|起業を応援する日|障害者優先調達推進法の日|プレミアムフライデー|仏壇の日
6/28,貿易記念日|パフェの日|JAZZりんごの日|「エアーかおる」の日|動物看護の日|テクノホスピタリティの日|にわとりの日|芙美子忌
6/29,国際熱帯デー|佃煮の日|ビートルズの日|星の王子さまの日|聖ペテロと聖パウロの祝日|リアルタイム中古車オークションの日|夢中でトレーニングの日|肉の日|クレープの日|Piknikの日|ふくの日|爽雨忌
6/30,国際小惑星デー|議会制度の国際デー|ハーフタイム・デー|トランジスタの日|アインシュタイン記念日|集団疎開の日|うちエコ！ごはんの日|夏越ごはんの日|リンパの日|酒酵母の日|麦みそ食文化の日|キズナアイが生まれた日
7/1,半夏生|海開き|山開き|国民安全の日|更生保護の日|こころの日|東京都政記念日|童謡の日|銀行の日|クレジットの日|弁理士の日|建築士の日
7/2,一年の折り返しの日・真ん中の日|ユネスコ加盟記念日|救世軍創立記念日|たわしの日|タコの日|布ナプキンの日|うどんの日|柿渋の日|谷川岳の日|全国なまずサミット・なまずの日|アマニの日|中央シャッターの日
7/3,ソフトクリームの日|通天閣の日|七味の日|波の日|オロナミンCの日|渚の日|涙の日|塩と暮らしの日|NAOMIの日|くるみパンの日|みたらしだんごの日|ビースリーの日
7/4,アメリカ独立記念日|梨の日|那須の日|和服・洋服お直しの日|パソコンお直しの日|ファッションお直しの日|シーザーサラダの日|ナナシーの日|恩納もずくの日|「なんしょん？」の日|滝修行の日|『七つの大罪 黙示録の四騎士』の日
7/5,協同組合の国際デー|ビキニスタイルの日|農林水産省発足記念日|江戸切子の日|穴子の日|名護の日|プラチナエイジの日|とりなんこつの日|切削工具の日|ステーブルコインの日|セコムの日|みたらしだんごの日
7/6,サラダ記念日|公認会計士の日|零戦の日|ピアノの日|ワクチンの日|ナンの日|情報サイト・COMUGICOの日|思いやり手洗い洗車の日|セコムの日|手巻きロールケーキの日|メロンの日
7/7,小暑|七夕|ゆかたの日|世界遺産の日|川の日|竹・たけのこの日|香りの日|乾麺の日・そうめんの日|ポニーテールの日|冷やし中華の日|カルピスの日|ギフトの日
7/8,質屋の日|なはの日|ナンパの日|中国茶の日|菌労感謝の日|ナイスバディーの日|「なわ」の日|豆乳で作ったヨーグルトの日|防犯カメラの日|七転八起の日|チキン南蛮の日|Come on!! 虎ノ門の日
7/9,ジェットコースターの日|泣く日|おなかキレイの日|グラフィックTシャツの日|クレープの日|パソコン検定の日|えのすいクラゲの日|鴎外忌
7/10,納豆の日|国土建設記念日|指笛の日|潤滑油の日・オイルの日|ウルトラマンの日|ブナピーの日|クリエイトの日|ドットわん・犬の納豆の日|岡山県牛窓産 冬瓜の日|ナオトの日|くにさき七島藺の日|日本なまずの日
7/11,世界人口デー|セブン-イレブンの日|職業教育の日|真珠記念日|YS-11記念日|アルカリイオン水の日|ラーメンの日|UDF（ユニバーサルデザインフード）の日|ロコモコ開きの日|大都技研の日|血管内皮の日|ロールちゃんの日
7/12,ラジオ本放送の日|ローリング・ストーンズ記念日|人間ドックの日|洋食器の日|ひかわ銅剣の日|宇佐からあげの日（USA☆宇佐からあげ合衆国建国記念日）|ドゥーワップの日|デコレーションケーキの日|国際CAVAデー|豆腐の日|育児の日|パンの日
7/13,盆迎え火|生命尊重の日|日本標準時制定記念日|ナイスの日|もつ焼の日|オカルト記念日|水上バイクの日|イーサン・ハントの日|ナイススティックの日|ふくしま桃の日|一汁三菜の日|石井スポーツグループ 登山の日
7/14,検疫記念日|パリ祭・フランス革命記念日|ペリー上陸記念日|廃藩置県の日|内視鏡の日|ひまわりの日|求人広告の日|ゼラチンの日|ゼリーの日|月でひろった卵の日|しんぶん配達の日|平田村あじさい記念日
7/15,お盆・盂蘭盆会|中元|世界ユース技能デー|大阪港開港記念日|ファミコンの日|ホッピーの日|世界ありがとうの日|内航船の日|うらかわ夏いちごの日|ネオンサインの日|ウィルキンソンの日|ゆとりうむの日
7/16,後の薮入り|盆送り火|閻魔参り・閻魔賽日|国土交通Day|駅弁記念日|外国人力士の日|虹の日|からしの日|長瀞観光の日|ZEPPET STOREの日|夏を色どるネイルの日|トロの日
7/17,世界絵文字デー|漫画の日|理学療法の日|東京の日|国際司法の日|セントラル浄水器の日|喜多方ラーメンの日|国産なす消費拡大の日|いなりの日|減塩の日|「森のたまご」の日|茅舎忌
7/18,ネルソン・マンデラ国際デー|光化学スモッグの日|カナデルチカラの日|ミールキット（Kit Oisix）の日|防犯の日
7/19,夏の土用の丑の日|女性大臣の日|マッターホルン北壁登頂の日|戦後民主主義到来の日|サイボーグ009の日|やまなし桃の日|カープ黄金時代の幕開けの日|おいしいラーメン 神座の日|知育菓子の日|愛知のいちじくの日|クレープの日|シュークリームの日
7/20,世界チェス・デー|月面着陸の日|ハンバーガーの日|Tシャツの日|ビリヤードの日|夏割りの日|塚田牛乳SENDの日|昭和かすみ草の日|ワインの日|発芽野菜の日|シチューライスの日|信州ワインブレッドの日
7/21,海の日|自然公園の日|日本三景の日|神前結婚式の日|破防法公布記念日・公安調査庁設置記念日|ウェディングビデオの日|烏骨鶏の日|ナツイチの日|発泡スチロールの日|夏チョコの日|マドレーヌの日|性教育を考える日
7/22,大暑|下駄の日|ナッツの日|著作権制度の日|円周率近似値の日|ONE PIECEの日|ディスコの日|夏ふーふースープカレーの日|塩っぺの日|夫婦の日|ショートケーキの日|禁煙の日
7/23,日本最高気温の日|文月ふみの日|米騒動の日|カシスの日|鮮度保持の日|ナッツミルクの日|国産小ねぎ消費拡大の日|天ぷらの日|乳酸菌の日|不眠の日
7/24,劇画の日|地蔵盆・地蔵会|スポーツアロマの日|テレワーク・デイ|セルフメディケーションの日|ドローンサッカーの日|卒業アルバムの日|天赦日は開運財布の日|ブルボン・プチの日|河童忌|地蔵の縁日|愛宕の縁日
7/25,かき氷の日|日本住宅公団発足記念日|うま味調味料の日（味の素の日）|知覚過敏の日|はんだ付けの日|体外受精の日|さいたま2020バスケの日|ナブコの日|なつこの日|ワキ汗治療の日|伍代夏子の日|プレミアムフライデー
7/26,ポツダム宣言記念日|日光の日|幽霊の日|夏風呂の日|ナプロアースの日|うな次郎の日|ふくしま桃の日|風呂の日|プルーンの日|ツローの日|せんべろ忌
7/27,スイカの日|政治を考える日|ニキビケアの日|もえぴな記念日|親子の日|兄弟姉妹の絆の日|仏壇の日
7/28,世界肝炎デー|菜っ葉の日|なにわの日|地名の日|第一次世界大戦開戦記念日|なにやろう？自由研究の日|シュタゲの日|にわとりの日|石榴忌
7/29,アマチュア無線の日|白だしの日|福神漬の日|七福神の日|永くつながる生前整理の日|謎肉の日|肉の日|クレープの日|Piknikの日|ふくの日|園生忌
7/30,国際フレンドシップ・デー|人身取引反対世界デー|プロレス記念日|梅干の日|明治天皇祭|ターザンの日|「大正」改元の日|生サーモンの日|消費生活協同組合の日|お母さんが夢に乾杯する日|サンダルバイバイの日|みその日
7/31,夏の土用の丑の日|パラグライダー記念日|蓄音機の日|クールジャパンの日|トゥインクルレースの日|土地家屋調査士の日|ビーチの日|菜の日
8/1,水の日・水の週間|島の日|（旧）観光の日|夏の省エネルギー総点検の日|肺の日|パインの日|愛知発明の日|世界母乳の日|花火の日|麻雀の日・パイの日|はっぴの日|パーマの日
8/2,学制発布記念日|博多人形の日|パンツの日|ホコ天記念日|金銀の日|ビーズの日|バブリシャスの日|カレーうどんの日|帆布の日|HONEYの日|ハラスメントフリーの日|おやつの日
8/3,ハサミの日|はちみつの日|ハモの日|司法書士の日|山佐スロワールドの日|ハイサワーの日|サガミの八味唐がらしの日|パールミルクティーの日|ビーチサンダルの日|八丁味噌の日|文具はさみの日|「共創する未来」の日
8/4,箸の日|橋の日|吊り橋の日|ビヤホールの日|ゆかたの日|ヤマヨシの日|パチスロの日|ハジ→の日|北海道ばれいしょの日|パーシーの日|朝活の日|栄養の日
8/5,ハコの日|ハンコの日|タクシーの日|はしご車の日|ハードコアテクノの日|エコリングの日|箱そばの日|発酵の日|パン粉の日|ハハとコドモの日|ぱりんこの日|ハコボーイ！の日
8/6,広島平和記念日（広島原爆忌）|World Wide Webの日|雨水の日|ハムの日|ハロースクエアの日|太陽熱発電の日|ハンサムの日|ヤムヤムズの日|バルーンの日|VAM（バム）の日|南郷トマトの日|巻寿司の日
8/7,立秋|月遅れ七夕|鼻の日|花の日|バナナの日|機械の日|オクラの日|花火人の日|花やしきの日|自分史の日|花慶の日|パートナーの日
8/8,世界猫の日|まるはちの日|親孝行の日|そろばんの日|かわらの日・屋根の日|ぎふ山の日・やまなし山の日|ひげの日|ひょうたんの日|ぱちんこの日・パチンコ供養の日|プチプチの日|タコの日|笑いの日
8/9,ながさき平和の日（長崎原爆忌）|世界の先住民の国際デー|パークの日（駐車場の日）|はり（鍼）・きゅう（灸）・マッサージの日|薬草の日|野球の日|ムーミンの日|形状記憶合金の日|ハグの日|美白の女神の日|パクチーの日|ソフトウェアバグの日
8/10,世界ライオンの日|道の日|健康ハートの日|宿の日|ホームヘルパーの日|帽子（ハット）の日|焼き鳥の日|はとむぎの日|パレットの日|バトンの日|シャウエッセンの日|豊後高田市全力発展の日
8/11,山の日|ガンバレの日|きのこの山の日|マッシュルームの日|インスタント・コーヒーの日|あびばのんのんの日|ロールちゃんの日|めんの日|ダブルソフトの日|おかあちゃん同盟の日|圓朝忌|千樫忌
8/12,国際青少年デー|世界ゾウの日|航空安全の日・茜雲忌|『君が代』記念日|太平洋横断記念日|配布の日|アルプスの少女ハイジの日（ハイジの日）|ハイチュウの日|豆腐の日|育児の日|パンの日|わんにゃんの日
8/13,月遅れ盆迎え火|函館夜景の日|左利きの日|怪談の日|ペッカー・山ちゃんのリズムの日|一汁三菜の日|石井スポーツグループ 登山の日|お父さんの日|水巴忌|虚空蔵の縁日
8/14,専売特許の日|廃車リサイクルの日|裸足（はだし）の記念日|ハッピーサマーバレンタインデー|水泳の日|裸石の日|丸大燻製屋・ジューシーの日|クラシコ・医師の日
8/15,月遅れ盆|終戦記念日・全国戦没者追悼式|中元|すいとんで平和を学ぶ日|親に会いにいこうの日|刺身の日|いちごの日|素堂忌
8/16,月遅れ盆送り火|電子コミックの日|キップ パイロールの日|トロの日|十六茶の日|いい色髪の日|オコパー・タコパーの日|同窓会の日
8/17,日本最高気温の日|プロ野球ナイター記念日|パイナップルの日|Dream Zoneのラジオを楽しむ日|地域と共に成長の日|ハテナの塔の日|国産なす消費拡大の日|いなりの日|減塩の日|蕃山忌|荒磯忌
8/18,高校野球記念日|ビーフンの日|エスロハイパーの日|健康食育の日|約束の日|ハイエイトチョコの日|糸ようじの日|産業用ワイパーの日|オリザの米油の日|カーセキュリティVIPERの日|エクサガンハイパーの日|世界に一つだけの晴れの国リンドウ記念日
8/19,世界人道デー|世界写真の日|バイクの日|俳句の日・俳句記念日|ハイキュー!!の日|ウイルソン・バドミントン・キセキの日|愛知のいちじくの日|クレープの日|シュークリームの日|熟カレーの日|松阪牛の日|共育の日
8/20,NHK創立記念日|交通信号設置記念日|蚊の日・モスキートデー|誕生記念筆の日（赤ちゃん筆の日）|親父の日|瑠璃カレーの日|リーブ21・発毛の日|ワインの日|発芽野菜の日|シチューライスの日|信州ワインブレッドの日|キャッシュレスの日
8/21,テロ被害者想起と追悼の国際デー|女子大生の日|献血の日|噴水の日|パーフェクトの日|イージーパンツの日|ホワイトティースデー|福島県民の日|静岡県民の日|北本トマトカレーの日|おいしいバターの日|治療アプリの日
8/22,チンチン電車の日|金シャチの日|ヤバイ夫婦の日|はいチーズ！の日|パニーニの日|みんなのあんバターの日|夫婦の日|ショートケーキの日|禁煙の日|デルちゃん誕生の日|ラブラブサンドの日|カニカマの日
8/23,処暑|奴隷貿易とその廃止を記念する国際デー|白虎隊自刃の日|湖池屋ポテトチップスの日|油の日|はつみ（823）の日|国産小ねぎ消費拡大の日|天ぷらの日|乳酸菌の日|不眠の日|一遍忌
8/24,愛酒の日|ポンペイ最後の日|バニラヨーグルトの日|歯ブラシの日|レンタルユニフォームの日|ドレッシングの日|ジャパンパラリンピックデー|フルハーネス型安全帯普及の日|ブルボン・プチの日|くちなし忌|地蔵の縁日|愛宕の縁日
8/25,即席ラーメン記念日|東京国際空港開港記念日|サマークリスマス|川柳発祥の日|ヒカリをカナタに届ける日|パステル和（NAGOMI）アート|パラスポーツの日|プリンの日|天神の縁日
8/26,レインボーブリッジ開通記念日|人権宣言記念日|ナミビアの日|シルマンデー・ユースホステルの日|イギリスの名車Mini（ミニ）バースデーの日|パパフロの日|バブルランの日|パワプロの日|オリジナルジグソーパズルの日|TMS・感動ハネムーンの日|風呂の日|プルーンの日
8/27,日本に原子の火がともった日|『男はつらいよ』の日|ジェラートの日|仏壇の日|益軒忌
8/28,民放テレビスタートの日|テレビCMの日|バイオリンの日|気象予報士の日|一太郎の日|テルミンの日|キャラディネートの日|河内こんだ・埴輪の日|汗の日|にわとりの日|道元忌
8/29,核実験に反対する国際デー|文化財保護法施行記念日|焼き肉の日|ケーブルカーの日|ベルばらの日|秋田県の記念日|焼きふぐの日|オーガビッツの日|オーガニック化粧品の日|ターミネーター〈審判の日〉|おかねを学ぶ日|馬肉を愛する日
8/30,国際失踪者デー|富士山測候所記念日|ハッピーサンシャインデー|ヤミ金融ゼロの日|マッカーサー進駐記念日|冒険家の日|中津ハモの日|宮崎ぎょうざの日|みその日|EPAの日|サワーの日|キャッシュレスの日
8/31,二百十日|野菜の日|I Love Youの日|宿題の日（学べる喜びにきづく日）|空き家整理の日|血管内破砕術（IVL）の日|宮崎ぎょうざの日|菜の日
9/1,防災の日・防災用品点検の日|民放ラジオ放送開始記念日|くいの日|キウイの日|宝塚歌劇団レビュー記念日|霞ヶ浦の日（茨城県）|マテ茶の日|ファミ通の日|ねんどの日|こいまろ茶の日|ギリシャヨーグルトの日|望菜の日
9/2,宝くじの日|ダイアナの靴の日|対日戦勝記念日（VJデー）|おおきにの日|那須塩原市牛乳の日|カーサキューブの日|根張星（ねばりスター）の日|くず餅の日|Life2.0の日|歯ヂカラ探究月間
9/3,ホームラン記念日|ドラえもんの誕生日|くみ愛の日・しんくみの日|クチコミの日|ベッドの日（good sleep day）|クエン酸の日|琉球もろみ酢の日|グミの日|エビアンの日|組踊の日|草の日|S-903納豆菌の日
9/4,関西国際空港開港記念日|くしの日|クラシック音楽の日|串の日|くじらの日|心を注ぐ急須の日|オークションの日|串家物語の日|供養の日|おおいた和牛の日|串カツ記念日|東京ディズニーシー開園記念日
9/5,国際チャリティー・デー|石炭の日（クリーンコールデー）|国民栄誉賞の日|計画と実行の日|ライトニング・マックィーンデイ|KUKKIAの日|球根で求婚記念日|みたらしだんごの日|長城清心丸の日|歯ヂカラ探究月間
9/6,妹の日|クロスワードの日|まがたまの日|黒の日（黒染め）|黒の日・クロイサの日|鹿児島黒牛・黒豚の日|黒豆の日|キョロちゃんの日（森永チョコボールの日）|ソフティモ・黒パックの日|黒酢の日|クレームの日|黒い真珠 三次ピオーネの日
9/7,白露|CMソングの日|クリーナーの日|絶滅危惧種の日|97の日|近江ちゃんぽんの日|スポーツ環境・クリーンファーストの日|生パスタの日|Doleバナ活の日|鏡花忌|英治忌|歯ヂカラ探究月間
9/8,国際識字デー|「明治」改元の日|サンフランシスコ平和条約調印記念日|ニューヨークの日|桑の日|クータ・バインディングの日|クーパー靱帯の日|クレバの日（908DAY）|新聞折込求人広告の日|Cook happinessの日|マスカラの日|スペインワインの日
9/9,重陽の節句・菊の節句|救急の日|世界占いの日|チョロQの日|栗きんとんの日|温泉の日|男色の日|カーネルズ・デー|手巻寿司の日|秋のロールケーキの日|九九の日|親子でCOOK（くっく）の日
9/10,二百二十日|世界自殺予防デー|下水道の日|カラーテレビ放送記念日|屋外広告の日|車点検の日|知的障害者愛護デー|牛たんの日|キューテンの日（Q10の日）|和光堂ベビーフードの日|メディキュットの日|ナイトライダーの日
9/11,警察相談の日|公衆電話の日|愛国者の日|たんぱく質の日|日本骨髄増殖性腫瘍の日|ロールちゃんの日|めんの日|ダブルソフトの日|おかあちゃん同盟の日|歯ヂカラ探究月間
9/12,国際南南協力デー|宇宙の日|水路記念日|マラソンの日|鳥取県民の日|秋のメープルもみじの日|クイズの日|豆腐の日|育児の日|パンの日|わんにゃんの日|歯ヂカラ探究月間
9/13,世界法の日|乃木大将の日|（旧）司法保護記念日|クリスタルジェミーの日|北斗の拳の日|管理会計の日|ファミリーカラオケの日|一汁三菜の日|石井スポーツグループ 登山の日|お父さんの日|VSOP運動の日|虚空蔵の縁日
9/14,メンズバレンタインデー|セプテンバーバレンタイン|グリーンデー|揚州商人スーラータンメンの日|コスモスの日|食いしん坊の日|心・血管病予防デー|丸大燻製屋・ジューシーの日|クラシコ・医師の日|歯ヂカラ探究月間
9/15,敬老の日|国際民主主義デー|老人の日|スカウトの日|ひじきの日|大阪寿司の日|シルバーシート記念日|シャウプ勧告の日|石狩鍋記念日|レクリエーション介護士の日|スナックサンドの日|関ケ原合戦の日
9/16,オゾン層保護のための国際デー|競馬の日・日本中央競馬会発足記念日|ハイビジョンの日|マッチの日|保湿クリームの日|牛とろの日|アサイーの日|G.A.P.記念日|トロの日|十六茶の日|いい色髪の日|歯ヂカラ探究月間
9/17,モノレール開業記念日|キュートな日・キュートナーの日|イタリア料理の日|国産なす消費拡大の日|いなりの日|減塩の日|牧水忌|鬼城忌|歯ヂカラ探究月間
9/18,かいわれ大根の日|しまくとぅばの日|「満州事変」勃発記念日|シュライヒフィギュアの日|本家白川けいちゃんの日|世界で初めて組織的に視覚障害者教育が始まった日|アコーディオン「Bébé Medusa」の日|「医療的ケア児・者」支援の日|防犯の日|「森のたまご」の日|蘆花忌|露月忌
9/19,苗字の日|9.19 いけんの日（平和への思いを忘れない日）|遺品整理の日|クイックルの日|九十九島の日|育休を考える日|九十九島せんぺいの日|愛知のいちじくの日|クレープの日|シュークリームの日|熟カレーの日|松阪牛の日
9/20,空の日|彼岸|国際レッサーパンダデー|バスの日|国産ロケット初打ち上げの日|お手玉の日|子どもの成長啓発デー|コンタクトセンターの日|プラじいの誕生日|家族と終活を話し合う日|ワインの日|発芽野菜の日
9/21,国際平和デー|彼岸|世界アルツハイマーデー|ファッションショーの日|キャタピラン（靴ひも）の日|靴市の日|ガトーショコラの日|アース・ウインド＆ファイアー「セプテンバー」の日|スケッチブックの日|川西ダリヤ園開園記念日|クレイジーソルトの日|ペタンクの日
9/22,国際ビーチクリーンアップデー|世界サイの日|彼岸|孤児院の日|日本救世軍設立記念日|カーフリーデー|OneWebDay|フィットネスの日|B.LEAGUEの日|ライソゾーム病の日|花園ラグビーの日|夫婦の日
9/23,秋分|秋分の日|手話言語の国際デー|彼岸|テニスの日|不動産の日|海王星の日|万年筆の日|カフスボタンの日|国実の日|動物虐待防止の日|国生みの日
9/24,世界ゴリラの日|彼岸|清掃の日|畳の日|歯科技工士記念日|みどりの窓口記念日|海藻サラダの日|みんなでつくろう再エネの日|ブルボン・プチの日|言水忌|南洲忌|地蔵の縁日
9/25,藤ノ木古墳記念日|彼岸|世界海事デー|10円カレーの日|山田邦子の日|骨董の日|スターリングシルバーの日|主婦休みの日|プリンの日|天神の縁日|動物愛護週間|秋の全国交通安全運動
9/26,核兵器の全面的廃絶のための国際デー|彼岸|社日|台風襲来の日|ワープロ記念日|くつろぎの日|大腸を考える日|エイトレッド・ワークフローの日|アイドルコピーダンスの日|プレミアムフライデー|風呂の日|プルーンの日
9/27,世界観光の日|女性ドライバーの日|英字新聞発刊記念日|ブリスの日|お菓子のみやきん駒饅頭誕生日|Google創立記念日|黄ぶなの日|信州 火山防災の日|仏壇の日|秋の全国交通安全運動|結核予防週間|歯ヂカラ探究月間
9/28,世界狂犬病デー|情報へのユニバーサル・アクセスのための国際デー|パソコン記念日・パソコンの日|プライバシーデー|ゴミ戦争宣言の日|くつやの日|自動車中古部品の日|和光堂牛乳屋さんの日|まけんグミの日|いじめ防止対策を考える日|パチンコ実践バラエティ番組『くずパチ』の日|にわとりの日
9/29,クリーニングの日|日中国交正常化の日|招き猫の日|洋菓子の日|接着の日|保険クリニックの日|くっつくFM東海ラジオの日|Heart Safe Cityの日|とっとり0929（和牛肉）の日|つづく服。の日|かぜ備えの日|アダプト・プログラム記念日
9/30,世界翻訳の日|クレーンの日|くるみの日|紅葉の見頃予想発表日|交通事故死ゼロを目指す日|クミンの日|両親の日|奥様の日|ニッポン放送ワイドFM93の日|翻訳の日|宅配ピザの日|クルミッ子の日
10/1,国際高齢者デー|国際音楽の日|国際コーヒーの日・コーヒーの日|衣替えの日|法の日|日本茶の日|日本酒の日|メガネの日|土地の日|東京都民の日|ネクタイの日|印章の日
10/2,国際非暴力デー|スヌーピーの日|関越自動車道全通記念日|望遠鏡の日|杜仲の日|東武の日|雷山地豆腐の日|奈川・投汁そばの日|スンドゥブの日|「跳び」の日|とんこつラーメンの日|グラノーラの日
10/3,登山の日|ドイツ統一の日|交通戦争一日休戦の日|センサの日|洗浄の日|ドイツパンの日|飲むオリーブオイルの日|とろみ調整食品の日|ごめんなさいカレーの日|アンパンマンの日|榮太樓飴の日|データ見える化の日
10/4,世界動物の日|イワシの日|都市景観の日|古書の日|里親デー|陶器の日|証券投資の日|天使の日|探し物の日|徒歩の日|宇宙開発記念日|104の日
10/5,世界教師デー|レジ袋ゼロデー|折り紙供養の日|時刻表記念日|社内報の日|デコの日|シスターストリート記念日|教師の日|みそおでんの日|トリコの日|カナダ・メープルの日|巖手屋の日
10/6,中秋の名月|世界ハビタット・デー|国際協力の日|役所改革の日|国際ボランティア貯金の日|天むす・すえひろの日|トムの日|夢をかなえる日|とくしまNAKAドローンの日|でん六の日|メディカルスパトロンの日|石油の日
10/7,盗難防止の日|ミステリー記念日|バーコードの日|宿毛の柑橘「直七」の日|マナーインストラクターの日|キットカットのオトナの日|トナーの日|大人のダイエットの日|イオナの日|ストレッチウェルの日|おなかを大切にする日|いい岩魚（イワナ）の日
10/8,寒露|足袋の日|入れ歯デー|入れ歯感謝デー・歯科技工の日|木の日|骨と関節の日|FXの日|国立公園制定記念日|コンビニATMの日|プリザーブドフラワーの日|陶板名画の日|角ハイボールの日
10/9,世界郵便の日|トラックの日|道具の日|塾の日|東急の日|「とく子さん」の日|トクホの日|アメリカンドッグの日|熟成肉の日|糖尿病とこころの日|散歩の日|金券の日
10/10,世界メンタルヘルス・デー|デジタルの日|目の愛護デー|アイメイト・デー|盲導犬の日|島の日|銭湯の日|転倒予防の日|totoの日|まぐろの日|釣りの日|缶詰の日
10/11,国際ガールズ・デー|安全・安心なまちづくりの日|世界渡り鳥デー|デジタルの日|ウィンクの日（オクトーバーウィンク）|「リンゴの唄」の日|鉄道安全確認の日|カミングアウトデー|爪休めの日|ハンドケアの日|トイレットロールの日|ロールちゃんの日
10/12,豆乳の日|PRの日|ネット銀行の日|豆腐の日|スポーツアミノ酸の日|コロンブス・デー|商店街の日|育児の日|パンの日|わんにゃんの日|芭蕉忌|国際文通週間
10/13,スポーツの日|国際防災の日|世界血栓症デー|サツマイモの日|引っ越しの日|麻酔の日|豆の日|スマイルトレーニングの日|ペットの健康診断の日|森永乳業・ソイラテの日|インフィオラータ記念日|ピザまんの日
10/14,世界標準の日|鉄道の日|PTA結成の日|くまのプーさん原作デビューの日|焼うどんの日|塩美容の日|フルタ生クリームチョコの日|美味しいすっぽんの日|ヤマモトヤ・無人売店の日|丸大燻製屋・ジューシーの日|クラシコ・医師の日|受信環境クリーン月間
10/15,世界手洗いの日|農山漁村女性のための国際デー|助け合いの日|人形の日|きのこの日|グレゴリオ暦制定記念日|ぞうりの日|すき焼き通の日|演ジャズの日|化石の日|トイコーの日|九州あご文化の日
10/16,世界食料デー|世界脊椎デー|ボスの日|人と色の日・自分色記念日|グリーンリボンDAY|辞書の日|リゼクリニックの日|国消国産の日|亀屋清永の日|トロの日|十六茶の日|いい色髪の日
10/17,貧困撲滅のための国際デー|神嘗祭|貯蓄の日|カラオケ文化の日|上水道の日|沖縄そばの日|オンラインゲームの日|秦野名水の日|サカイのまごころの日|国産なす消費拡大の日|いなりの日|減塩の日
10/18,世界メノポーズデー|統計の日|冷凍食品の日|ドライバーの日|木造住宅の日|フラフープ記念日|ミニスカートの日|すきっ戸の日|キャディーの日|世界ウェーブストレッチリングの日|デドバの日|天津飯の日
10/19,ブラックマンデー|海外旅行の日|日ソ国交回復の日|住育の日|TOEICの日|いか塩辛の日|イクメンの日|相続税を考える日|医療用ウィッグの日|伊勢の神棚の日|ほめ育の日|トイレクイックルの日
10/20,世界統計デー|世界骨粗鬆症デー|新聞広告の日|頭髪の日|リサイクルの日|えびす講|ソフト化の日|ヘアブラシの日|疼痛ゼロの日|老舗の日|はっかない恋デー|床ずれ予防の日
10/21,国際反戦デー|あかりの日|早稲田大学開校記念日|禅寺丸柿の日|バック・トゥ・ザ・リサイクルの日|マリルージュの日|myDIYの日|ゼクシオの日（XXIOの日）|木挽BLUEの日|直哉忌|新聞週間|受信環境クリーン月間
10/22,国際吃音啓発の日|平安遷都の日・時代祭|絹婚記念日|パラシュートの日|図鑑の日|あんこうの日|ドリップコーヒーの日|アニメの日|キャットリボン（猫のピンクリボン）の日|今|夫婦が生まれる結婚指輪の日|タイムカプセル・信毎ペンの庫の日
10/23,霜降|電信電話記念日|津軽弁の日|モルの日|じゃがりこの日|化学の日|家族写真の日|おいもほりの日|オーツミルクの日|国産小ねぎ消費拡大の日|天ぷらの日|乳酸菌の日
10/24,国連デー|世界開発情報の日|暗黒の木曜日|ツーバイフォー住宅の日|文鳥の日|吾郷会の日|マーガリンの日|天女の日|ルミナス医療脱毛の日|軽貨物の日|エムセラ・尿失禁改善の日|ブルボン・プチの日
10/25,世界パスタデー|産業観光の日|民間航空記念日|リクエストの日|島原の乱の日|新潟米の日|信濃の国カレーの日|プリンの日|天神の縁日|受信環境クリーン月間
10/26,原子力の日|反原子力デー|柿の日|青汁の日|きしめんの日|青森のお米「つがるロマン」の日|どぶろくの日|デニムの日|弾性ストッキングの日|税理士相互扶助の日|歴史シミュレーションゲームの日|ズブロッカの日
10/27,世界視聴覚遺産デー|テディベアズ・デー|読書の日・読書週間|文字・活字文化の日|世界新記録の日|機関誌の日|エチケットブラシの日|仏壇の日|松陰忌|源義忌|受信環境クリーン月間
10/28,速記の日|日本のABCの日|群馬県民の日|岐阜県地震防災の日|信濃町・霧下そばの日|透明美肌の日|おだしの日|豆花記念日|プレスリリースの日|豆腐バーの日|村杉温泉・風雅の宿「長生館」大庭園の日|にわとりの日
10/29,世界乾癬デー|宝くじ発売の日|ホームビデオ記念日|インターネット誕生日|おしぼりの日|東佃の日（トウツクノヒ）|てぶくろの日|トニックの日|国産とり肉の日|凄麺の日|和服の日|ドリアの日
10/30,香りの記念日|初恋の日|たまごかけごはんの日|教育勅語発布の日|ニュースパニックデー・宇宙戦争の日|マナーの日|炭酸ソーダの日|リラクゼーションの日|トマトサワーの日|マッコリの日|みその日|EPAの日
10/31,世界都市デー|世界勤倹デー|ハロウィン|ガスの記念日|日本茶の日|出雲ぜんざいの日|天才の日|陶彩の日|クレアおばさんのシチューの日|INFOBARの日|プレミアムフライデー|菜の日
11/1,計量記念日|灯台記念日|自衛隊記念日|諸聖人の日|「キティちゃん」の誕生日|紅茶の日|すしの日|泡盛の日|本格焼酎の日|犬の日|生命保険の日|点字の日・日本点字制定記念日
11/2,十三夜|ジャーナリストへの犯罪不処罰をなくす国際デー|阪神タイガース記念日|死者の日（万霊節）|キッチン・バスの日（家庭文化の日）|タイツの日|書道の日・習字の日|都市農業の日|ペア活の日|リジョブの日（いい縁につながる日）|いい血圧の日|北海道たまねぎの日
11/3,文化の日|みかんの日|いいお産の日|サンドウィッチの日|ハンカチーフの日|レコードの日|文具の日|まんがの日|ゴジラの日|アロマの日|ちゃんぽん麺の日|調味料の日
11/4,ユネスコ憲章記念日|かき揚げの日|いいよの日|40祭の日|いい推しの日|いい刺しゅうの日|おしりたんてい・いいおしりの日|いい姿勢の日|文化放送の日|みたらしだんごの日|読書週間|海と灯台ウィーク
11/5,世界津波の日|津波防災の日|雑誌広告の日|いいりんごの日|日本ブラジル修好記念日|縁結びの日|いい5世代家族の日|電報の日|いい男の日|おいしいあなごの日|ごまの日|いい酵母の日
11/6,戦争と武力紛争による環境搾取防止のための国際デー|お見合い記念日|アパート記念日|アリンコのいいロールケーキの日|パンわーるどの日|いいもち麦の日|いいマムの日|巻寿司の日|FPの日|手巻きロールケーキの日|メロンの日|馬琴忌
11/7,立冬|紀州・山の日|ロシア革命記念日|鍋の日|もつ鍋の日|知恵の日|釧路ししゃもの日|いい女の日|鍋と燗の日|にかわの日|ソースの日|いいおなかの日
11/8,世界都市計画の日|いい歯の日|いい歯ならびの日|刃物の日|八ヶ岳の日|ボイラーデー|レントゲンの日|いいお肌の日|信楽たぬきの日|徳島県れんこんの日|おもてなしの心の日|いいおっぱいの日
11/9,119番の日|換気の日|太陽暦採用記念日|ベルリンの壁崩壊の日|いい靴の日|アイシングクッキーの日|タピオカの日|赤塚FFCの日|IT断食の日|いい地球の日|いいパックの日|歯ぐきの日
11/10,平和と開発のための世界科学デー|エレベーターの日|ハンドクリームの日|技能の日|肢体不自由児愛護の日|トイレの日|井戸の日|断酒宣言の日|いい音・オルゴールの日|いい友の日|いい頭皮の日|糸脱毛の日
11/11,世界平和記念日・第一次世界大戦停戦記念日|恋人たちの日|チーズの日|電池の日|磁気の日|煙突の日|おりがみの日|靴下の日|下駄の日|宝石の日・ジュエリーデー|西陣の日|配線器具の日
11/12,洋服記念日|皮膚の日|「四季」の日|コラーゲンペプチドの日|ベビーカーにやさしいまちづくりの日|いいにらの日|パレットの日|留学の日|マイクロニードル化粧品の日|AI音声活用の日|豆腐の日|育児の日
11/13,うるしの日|いいひざの日|茨城県民の日|消費者がつくったシャンプー記念日|チーかまの日|いい焼き芋の日|一汁三菜の日|石井スポーツグループ 登山の日|お父さんの日|空也忌|虚空蔵の縁日|秋季全国火災予防運動
11/14,世界糖尿病デー|いい石の日|いい樹脂の日|盛人の日|パチンコの日|ウーマンリブの日|アンチエイジングの日|埼玉県民の日|大分県民の日|医師に感謝する日|いい投資の日|いい上司（リーダー）の日
11/15,七五三|きものの日|こんぶの日|狩猟解禁日|かまぼこの日|生コンクリート記念日|のど飴の日|いい遺言の日|蔵（KURA）の日|口腔がん検診の日|予防争族（相続）を考える日|いいインコの日
11/16,国際寛容デー|交通事故による犠牲者を追悼する世界デー|家族の日|幼稚園開園の日|いいいろ塗装の日|録音文化の日|自然薯の日|いいいろの日|ぞうさんの日|いい色・色彩福祉の日|源流の日|いいビール飲みの日
11/17,国際学生の日|島原防災の日|将棋の日|肺がん撲滅デー|レンコンの日|ドラフト記念日|日本製肌着の日|暴君ハバネロの日|国産なす消費拡大の日|いなりの日|減塩の日|ダブルソフトでワンダブル月間
11/18,土木の日|もりとふるさとの日|ミッキーマウスの誕生日|雪見だいふくの日|カスピ海ヨーグルトの日|音楽著作権の日|住宅リフォームの日|いい家の日|SKBケースの日|いいイヤホン・ヘッドホンの日|建築設備士の日|セルフレジの日
11/19,世界トイレの日|農協記念日|鉄道電化の日|ペレの日|緑のおばさんの日|いい息の日|いい塾の日|いい育児の日|美眉育成の日|いい熟成ワインの日|クレープの日|シュークリームの日
11/20,世界こどもの日|アフリカ工業化の日|世界哲学の日|毛皮の日|ピザの日|毛布の日|えびす講|ボジョレーヌーヴォー解禁|山梨県民の日|いいかんぶつの日|産業教育記念日|行政相談委員の日
11/21,世界テレビ・デー|世界ハロー・デー|歌舞伎座開業記念日|早慶戦の日|インターネット記念日|フライドチキンの日|かきフライの日|任天堂の日|自然薯芋の日|「ロッキー」の日|イーブイの日|ゆり根の日
11/22,小雪|いい夫婦の日|大工さんの日|ボタンの日|回転寿司記念日|ペットたちに感謝する日|長野県りんごの日|ふるさと誕生日（和歌山県）|大人の日|マシュー・マコノ日|CREAM SWEETSの日|人事戦略を考える日
11/23,勤労感謝の日|いいふみの日|いい夫妻の日|いい兄さんの日|いいファミリーの日（いい家庭の日）|外食の日|ゲームの日|Jリーグの日|手袋の日|ハートケアの日|珍味の日|牡蠣の日
11/24,オペラ記念日|鰹節の日|進化の日|冬にんじんの日|和食の日|いい尿の日|アースナイトデー|思い出横丁の日|ブルボン・プチの日|東京天文台設置記念日|地蔵の縁日|愛宕の縁日
11/25,"女性に対する暴力廃絶のための国際デー|ハイビジョンの日|OLの日|金型の日|バイラルの日|先生ありがとうの日|いいえがおの日|ランジェリー文化の日|ecuvo,（えくぼ）の日|プリンの日|天神の縁日|ダブルソフトでワンダブル月間"
11/26,ペンの日|いい風呂の日|いいチームの日|いいプルーンの日|いいフォローの日|ポリフェノールの日|鉄分の日|いいブロッコリーの日|風呂の日|プルーンの日|ツローの日|ダブルソフトでワンダブル月間
11/27,更生保護記念日|ノーベル賞制定記念日|組立家具の日|仏壇の日|ダブルソフトでワンダブル月間
11/28,税関記念日|太平洋記念日|洗車の日|エクステリアの日|フランスパンの日|いい地盤の日|Amazonアプリストアの日|きれいな髪のいいツヤの日|猫と人の日|いいニッパーの日|スポーツウエルネス吹矢の日|いい唾液の日
11/29,パレスチナ人民連帯国際デー|いい服の日|いい肉の日|議会開設記念日|同志社大学創立記念日|心をスイッチいいブックの日|いいフグの日|イーブックの日|パーソナルコーディネーターの日|いい文具の日|ワンワン服の日|飯田焼肉の日
11/30,年金の日|砂糖の日|本みりんの日|オートフォーカスカメラの日|鏡の日|シルバーラブの日|シティズ・フォー・ライフの日|絵本の日|いい30歳の日|社会鍋の日|いいおしりの日|ノーベンバーラブデー
12/1,世界エイズデー|防災の日・防災用品点検の日|デジタル放送の日|映画の日|鉄の記念日|冬の省エネ総点検の日|一万円札発行の日|いのちの日|カイロの日|手帳の日|データセンターの日|着信メロディの日
12/2,奴隷制度廃止国際デー|日本人宇宙飛行記念日|原子炉の日|日本アルゼンチン修好記念日|美人証明の日|ジョルテの日|ビフィズス菌の日|デーツの日|INF菱形ラスの日|Life2.0の日
12/3,国際障害者デー|カレンダーの日|奇術の日|妻の日|プレママの日|プレイステーションの日|ひっつみの日|みかんの日|個人タクシーの日|着うたの日|ヒルズダイエットの日|わらべうた保育の日
12/4,E.T.の日|血清療法の日|聖バルバラの日|プロポーズで愛溢れる未来を創る日|みたらしだんごの日|障害者週間|人権週間
12/5,国際ボランティア・デー|世界土壌デー|バミューダトライアングルの日|アルバムの日|みたらしだんごの日|長城清心丸の日|障害者週間|人権週間
12/6,姉の日|音の日|シンフォニー記念日|ラジオアイソトープの日|聖ニコラウスの日|アクワイアの日|菊芋ルネサンスの日|インフラ・ミライデー|ロマンスの神様の日|手巻きロールケーキの日|メロンの日|障害者週間
12/7,大雪|国際民間航空デー|神戸港開港記念日|クリスマスツリーの日|世界KAMISHIBAIの日|生パスタの日|Doleバナ活の日|障害者週間|人権週間
12/8,御事納め|針供養|太平洋戦争開戦記念日|日刊新聞創刊日|ジュニアシェフの日|有機農業の日|アルバムセラピーの日|成道会|わんにゃんリボンデー|Cyber Monday（サイバーマンデー）|信州地酒で乾杯の日|歯ブラシ交換デー
12/9,国際腐敗防止デー|しそ焼酎「鍛高譚」の日|マウスの誕生日|クレープの日|パソコン検定の日|えのすいクラゲの日|漱石忌|開高忌|障害者週間|人権週間
12/10,世界人権デー|ノーベル賞授賞式|三億円事件の日|アロエヨーグルトの日|歴史シミュレーションゲーム『三國志』の日|いつでもニットの日|NFD花の日|無人航空機記念日|ベルトの日|マネーキャリアの日|M&Aの日|障害者が複数いる家庭に思いをはせる日
12/11,国際山岳デー|ユニセフ創立記念日|百円玉記念日|胃腸の日|THINK SOUTHの日|ロールちゃんの日|めんの日|ダブルソフトの日|おかあちゃん同盟の日|沢庵忌
12/12,国際中立デー|バッテリーの日|漢字の日|ダズンローズ・デー|児童福祉法公布記念日|ダースの日|明太子の日|5本指ソックスの日|杖の日|クイーン・デー|ダンボール・アートの日|ジェニィの日
12/13,正月事始め・煤払い・松迎え|聖ルチア祭|ビタミンの日|美容室の日|双子の日|大掃除の日|「胃に胃散」の日|くにのりたけるが絵に目覚めた日|師走に遺産（相続）を考える日|宍道湖中海の生態系を守る日|伊達のあんぽ柿の日|一汁三菜の日
12/14,四十七士討ち入りの日（忠臣蔵の日）|南極の日|マダムシンコの日|透明資産の日|麺の日|丸大燻製屋・ジューシーの日|クラシコ・医師の日
12/15,年賀郵便特別扱い開始日|観光バス記念日|ザメンホフの日|コナカ・フタタの日|いちごの日|青邨忌|どんざ忌
12/16,電話創業の日|紙の記念日|念仏の口止め|フリーランスの日|カビ取るデー|トロの日|十六茶の日|いい色髪の日
12/17,飛行機の日|明治ブルガリアヨーグルトの日|わちふぃーるどの日|国産なす消費拡大の日|いなりの日|減塩の日
12/18,国際移民デー|国連加盟記念日|東京駅完成記念日|ナボナの日|CACHATTOの日|「食べたい」を支える訪問歯科診療の日|防犯の日|「森のたまご」の日|源内忌
12/19,日本人初飛行の日|まつ育の日|「信州・まつもと鍋」の日|クレープの日|シュークリームの日|熟カレーの日|松阪牛の日|共育の日|いいきゅうりの日|イクラの日|食育の日|熟成烏龍茶の日
12/20,人間の連帯国際デー|果ての二十日|道路交通法施行記念日|デパート開業の日|ブリの日|シーラカンスの日|霧笛記念日|こうふ開府の日|大洗濯の日|ワインの日|発芽野菜の日|シチューライスの日
12/21,遠距離恋愛の日|クロスワードの日|回文の日|納めの大師|バスケットボールの日|トラリピの日|天赦日は開運財布の日|マリルージュの日|myDIYの日|ゼクシオの日（XXIOの日）|木挽BLUEの日
12/22,冬至|改正民法公布記念日|労働組合法制定記念日|ジェネリック医薬品の日|スープの日|視聴率の日|酒風呂の日|働く女性の日|はんぺんの日|夫婦の日|ショートケーキの日|禁煙の日
12/23,上皇の誕生日|東京タワー完成の日|テレホンカードの日|国産小ねぎ消費拡大の日|天ぷらの日|乳酸菌の日|不眠の日
12/24,クリスマス・イヴ|マライア・キャリー「恋人たちのクリスマス」の日|ブルボン・プチの日|地蔵の縁日|愛宕の縁日
12/25,クリスマス|「昭和」改元の日|スケートの日|未来を担う水素電池の日|プリンの日|蕪村忌|天神の縁日
12/26,御用納め・仕事納め|プロ野球誕生の日（ジャイアンツの日）|ボクシング・デー|有頂天家族の日|プレミアムフライデー|風呂の日|プルーンの日|ツローの日
12/27,浅草仲見世記念日|ピーターパンの日|寒天発祥の日|仏壇の日|夕焼忌
12/28,ディスクジョッキーの日|身体検査の日|シネマトグラフの日|冬のごちそう「ゆめぴりか」の日|にわとりの日
12/29,清水トンネル貫通記念日|シャンソンの日|福の日|肉の日|クレープの日|Piknikの日|ふくの日|山田耕筰忌
12/30,地下鉄記念日|取引所大納会|みその日|EPAの日|サワーの日|キャッシュレスの日|横光忌|ホシヅル忌
12/31,大晦日・大晦|除夜|ニューイヤーズ・イヴ|シンデレラデー|ベルボトム・ジーンズの日|菜の日|寅彦忌|一碧楼忌